,year,gdp_growth,edu_expenditure,life_expectancy,unemployment,population
count,140.0,140.0,140.0,140.0,140.0,140.0
mean,2016.5,2.689214285714286,5.391571428571429,74.10285714285715,7.530714285714287,179397246.84285715
std,4.045603351148027,3.022795901423871,1.5547158575569204,5.212518728046583,2.6436811165187106,90861529.89323552
min,2010.0,-5.0,3.03,65.7,3.1,13468048.0
25%,2013.0,1.02,3.91,69.5,5.475,99345193.5
50%,2016.5,2.275,5.295,74.4,7.45,185382960.0
75%,2020.0,4.295,6.75,78.675,10.025,254799332.75
max,2023.0,10.96,7.98,82.8,11.9,329909655.0
